{
	"layout_end_page": {
		"modelo": 1,
		"logo": true,
		"titulo": true,
		"auto_title_case": true,
		"subtitulo": true,
		"data_e_horario": true,
		"apoio": true,
		"foto": false,
		"footage": true,
		"pattern": true,
		"foto_layer": "-------",
		"pattern_layer": "comp_pattern documentario"
	},
	"servico_end_page": {
		"formato": 4,
		"semana": 8,
		"dia": 1,
		"mes": 9,
		"hora": 23,
		"min": 0,
		"titulo": "Documentário",
		"subtitulo": "NOME DO DOC"
	},
	"aparencia_end_page": {
		"tema": 5,
		"logo": "#F2F2F2",
		"titulo": "#E53131",
		"subtitulo": "#F2F2F2",
		"apoio": "#E53131",
		"horario": "#141414",
		"horario_base": "#ECFF8C",
		"footage": "#343434",
		"pattern": "#333333",
		"fundo": "#232323"
	}
}