{
	"layout_end_page": {
		"modelo": 3,
		"logo": true,
		"titulo": true,
		"auto_title_case": true,
		"subtitulo": true,
		"data_e_horario": true,
		"apoio": true,
		"foto": false,
		"footage": false,
		"pattern": false,
		"foto_layer": "-------",
		"pattern_layer": "-------"
	},
	"servico_end_page": {
		"formato": 6,
		"semana": 8,
		"dia": 1,
		"mes": 9,
		"hora": 16,
		"min": 0,
		"titulo": "GloboNews\rMais",
		"subtitulo": "COM JULIA DUAILIBI E TIAGO ELTZ"
	},
	"aparencia_end_page": {
		"tema": 4,
		"logo": "#141414",
		"titulo": "#F2F2F2",
		"subtitulo": "#F2F2F2",
		"apoio": "#F2F2F2",
		"horario": "#141414",
		"horario_base": "#ECFF8C",
		"footage": "#141414",
		"pattern": "#141414",
		"fundo": "#E53131"
	}
}