{
	"layout_end_page": {
		"modelo": 1,
		"logo": true,
		"titulo": true,
		"auto_title_case": true,
		"subtitulo": true,
		"data_e_horario": true,
		"apoio": true,
		"foto": false,
		"footage": true,
		"pattern": true,
		"foto_layer": "-------",
		"pattern_layer": "comp_pattern dialogos"
	},
	"servico_end_page": {
		"formato": 4,
		"semana": 8,
		"dia": 1,
		"mes": 9,
		"hora": 23,
		"min": 0,
		"titulo": "Internacional",
		"subtitulo": "COM MARCELO LINS"
	},
	"aparencia_end_page": {
		"tema": 5,
		"logo": "#E52E2E",
		"titulo": "#231E1E",
		"subtitulo": "#231E1E",
		"apoio": "#231E1E",
		"horario": "#141414",
		"horario_base": "#ECFF8C",
		"footage": "#E32323",
		"pattern": "#ECFF8C",
		"fundo": "#B2B2B2"
	}
}