{
	"layout_end_page": {
		"modelo": 1,
		"logo": true,
		"titulo": true,
		"auto_title_case": true,
		"subtitulo": false,
		"data_e_horario": true,
		"apoio": true,
		"foto": false,
		"footage": true,
		"pattern": false,
		"foto_layer": "-------",
		"pattern_layer": "-------"
	},
	"servico_end_page": {
		"formato": 6,
		"semana": 8,
		"dia": 1,
		"mes": 9,
		"hora": 0,
		"min": 0,
		"titulo": "Edicão da\rMeia-noite",
		"subtitulo": "SUBTÍTULO",
		"a_partir_das": false
	},
	"aparencia_end_page": {
		"tema": 4,
		"logo": "#141414",
		"titulo": "#F2F2F2",
		"subtitulo": "#F2F2F2",
		"apoio": "#F2F2F2",
		"horario": "#141414",
		"horario_base": "#ECFF8C",
		"footage": "#141414",
		"pattern": "#141414",
		"fundo": "#E53131"
	}
}