{
	"layout_end_page": {
		"modelo": 1,
		"logo": true,
		"titulo": true,
		"auto_title_case": true,
		"subtitulo": false,
		"data_e_horario": true,
		"apoio": true,
		"foto": true,
		"footage": false,
		"pattern": true,
		"foto_layer": "gabeira.png",
		"pattern_layer": "comp_pattern gabeira"
	},
	"servico_end_page": {
		"formato": 4,
		"semana": 1,
		"dia": 1,
		"mes": 9,
		"hora": 21,
		"min": 30,
		"titulo": "Fernando\rGabeira",
		"subtitulo": "SUBTÍTULO"
	},
	"aparencia_end_page": {
		"tema": 5,
		"logo": "#F2F2F2",
		"titulo": "#FF8F4D",
		"subtitulo": "#F2F2F2",
		"apoio": "#FF8F4D",
		"horario": "#141414",
		"horario_base": "#ECFF8C",
		"footage": "#4A4A4A",
		"pattern": "#231E1E",
		"fundo": "#4A4A4A"
	}
}