{
	"layout_end_page": {
		"modelo": 1,
		"logo": true,
		"titulo": true,
		"auto_title_case": true,
		"subtitulo": true,
		"data_e_horario": true,
		"apoio": true,
		"foto": false,
		"footage": true,
		"pattern": true,
		"foto_layer": "-------",
		"pattern_layer": "comp_pattern entrevista"
	},
	"servico_end_page": {
		"formato": 4,
		"semana": 8,
		"dia": 10,
		"mes": 9,
		"a_partir_das": 0,
		"hora": 23,
		"min": 0,
		"titulo": "GloboNews\rEntrevista",
		"subtitulo": "NOME DO ENTREVISTADO"
	},
	"aparencia_end_page": {
		"tema": 1,
		"logo": "#E53131",
		"titulo": "#141414",
		"subtitulo": "#141414",
		"apoio": "#141414",
		"horario": "#141414",
		"horario_base": "#ECFF8C",
		"footage": "#E32323",
		"pattern": "#B2B2B2",
		"fundo": "#F2F2F2"
	}
}