{
	"layout_end_page": {
		"modelo": 2,
		"logo": true,
		"titulo": true,
		"auto_title_case": true,
		"subtitulo": true,
		"data_e_horario": true,
		"apoio": true,
		"foto": true,
		"footage": false,
		"pattern": true,
		"foto_layer": "trigueiro.png",
		"pattern_layer": "comp_pattern cidades"
	},
	"servico_end_page": {
		"formato": 4,
		"semana": 8,
		"dia": 1,
		"mes": 9,
		"hora": 21,
		"min": 0,
		"titulo": "Cidades e\rSoluções",
		"subtitulo": "COM ANDRÉ TRIGUEIRO"
	},
	"aparencia_end_page": {
		"tema": 5,
		"logo": "#E53131",
		"titulo": "#F2F2F2",
		"subtitulo": "#F2F2F2",
		"apoio": "#F2F2F2",
		"horario": "#141414",
		"horario_base": "#ECFF8C",
		"footage": "#343434",
		"pattern": "#333333",
		"fundo": "#141414"
	}
}